Key,Short Name,Publication Year,Author,Title,Publication Title,Date,Study,Measure(s) of Walkability,ATS?,PA Type,MVPA?,Other PA,Other transport,Measure of PA,Ages,Sample Size,Country,Finding,Other Notes,Effect on ATS,Effect on PA,Consensus,Include?,Reason,
TP7BHGTM,Aibar 2015,2015,"Aibar, Alberto; Bois, Julien E.; Generelo, Eduardo; Bengoechea, Enrique Garcia; Paillard, Thierry; Zaragoza, Javier","Effect of weather, school transport, and perceived neighborhood characteristics on moderate to vigorous physical activity levels of adolescents from two european cities",ENVIRONMENT AND BEHAVIOR,2015-05,Evaluation and Promotion of Physical Activity,NEWS (self),self report,MVPA,,,Total PA (accelerometer),,14.33 (0.73),620,Spain; France,There were no significant associations between perceived walkability and MVPA,,-,Neutral,Neutral,yes,,
G5R8S687,Aznar 2024,2024,"Aznar, Susana; Jimenez-Zazo, Fabio; Romero-Blanco, Cristina; Gomez, Santiago F.; Homs, Clara; Warnberg, Julia; Medrano, Maria; Gusi, Narcis; Gonzalez-Gross, Marcela; Marin-Cascales, Elena; Gonzalez-Valeiro, Miguel angel; Serra-Majem, Lluis; Terrados, Nicolas; Tur, Josep A.; Segu, Marta; Lassale, Camille; Colom-Fernandez, Antoni; Labayen, Idoia; Sanchez-Gomez, Jesus; Alcaraz, Pedro Emilio; Sevilla-Sanchez, Marta; Zapico, Augusto G.; Herrera-Ramos, Estefania; Pulgar, Susana; Bibilonii, Maria del Mar; Sistac, Clara; Schroder, Helmut; Molina-Garcia, Javier","Walkability and socio-economic status in relation to walking, playing and sports practice in a representative Spanish sample of youth: The PASOS study",PLOS ONE,3/15/24,PASOS,Walk Score,,MVPA; organized sports; other PA; walking,self report,Total PA (self report); sports participation (self report),Walking (self report),,16-Aug,4092,Spain,"Walkability was associated with walking behavior, not with any other PA term including MVPA. SES was associated with sports participation and MVPA",,-,Neutral,Mixed,yes,,
3BDZZCSX,Bird 2022,2022,"Bird, Madeleine; Datta, Geetanjali D.; Chinerman, Deanna; Kakinami, Lisa; Mathieu, Marie-Eve; Henderson, Melanie; Barnett, Tracie A.",Associations of neighborhood walkability with moderate to vigorous physical activity: an application of compositional data analysis comparing compositional and non-compositional approaches,INTERNATIONAL JOURNAL OF BEHAVIORAL NUTRITION AND PHYSICAL ACTIVITY,5/18/22,Quebec Adipose and Lifestyle Investigation in Youth,Novel indicator,,,accelerometer,Light PA (accelerometer),,,10-Aug,409,Canada,"MVPA was significantly associated with walkability in girls only, not boys",,-,Mixed,Mixed,yes,,
4S89S5G5,Buck 2019,2019,"Buck, Christoph; Eiben, Gabriele; Lauria, Fabio; Konstabel, Kenn; Page, Angie; Ahrens, Wolfgang; Pigeot, Iris; on behalf of the IDEFICS and the I.Family consortia",Urban Moveability and physical activity in children: longitudinal results from the IDEFICS and I.Family cohort,International Journal of Behavioral Nutrition and Physical Activity,12/11/19,IDEFICS; I.Family,Moveability,No,MVPA; LPA,accelerometer,LPA (accelerometer),,"MVPA (accelerometer), LPA (accelerometer)",15-Mar,,Germany; Italy; Sweden,"Moveability index positively affected MVPA in girls, lessened decline in LPA for boys. Public open spaces seemed more important in childhood, while residential density and intersection density more important in adolescence.",,-,Positive,Positive,yes,,
6SSJPX65,Molina-García 2020,2020,"Molina-García, Javier; Campos, Sergio; García-Massó, Xavier; Herrador-Colmenero, Manuel; Gálvez-Fernández, Patricia; Molina-Soberanes, Daniel; Queralt, Ana; Chillón, Palma",Different neighborhood walkability indexes for active commuting to school are necessary for urban and rural children and adolescents,International Journal of Behavioral Nutrition and Physical Activity,9/29/20,,Novel Indicator,self report,,,,,ATS (self report),18-Jul,4593,Spain,"Street connectivity and residential density were positively related to ATS in urban children, but negatively related in rural children. ",,Mixed,-,Mixed,No,ATS only,
ZVM5VMBV,Buck 2015,2015,"Buck, Christoph; Tkaczick, Tobias; Pitsiladis, Yannis; De Bourdehaudhuij, Ilse; Reisch, Lucia; Ahrens, Wolfgang; Pigeot, Iris",Objective Measures of the Built Environment and Physical Activity in Children: From Walkability to Moveability,Journal of Urban Health,2/1/15,IDEFICS,Moveability; Frank excluding retail; Frank including retail,No,MVPA,accelerometer,,,MVPA (accelerometer),9-Feb,,Germany,"Moveability index was significantly associated with MVPA in school children, not walkability. No significant associations for pre-school children.",,-,Mixed,Mixed,yes,,
GFQGEHBG,Bucko 2021,2021,"Bucko, Agnes G.; Porter, Dwayne E.; Saunders, Ruth; Shirley, Lynn; Dowda, Marsha; Pate, Russell R.",Walkability indices and children's walking behavior in rural vs. urban areas,Health & Place,11/1/21,TRACK,Walk Score; Frank excluding retail; NWI,No,Total PA; walk for exercise,,Total PA (accelerometer),Walking for exercise (self report); Walking for transport (self report),Walking for exercise (self report); Walking for transportation (self report); Total PA (accelerometer),10,,USA,NWI significantly related to reduced walking for transportation overall. Frank significantly related to reduced walking for exercise in rural children. Walk score and NWI related to reduced walking for transportation in urban children. Frank and Walk Score related to reduced Total PA in urban children. ,,Negative,Negative,Negative,yes,No measure of MVPA,
ZVERLUZN,Rahman 2020,2020,"Rahman, Mohammad Lutfur; Pocock, Tessa; Moore, Antoni; Mandic, Sandra","Active Transport to School and School Neighbourhood Built Environment across Urbanisation Settings in Otago, New Zealand",International Journal of Environmental Research and Public Health,2020-01,BEATS,Frank excluding retail,self report,,,,,ATS (self report),15.2 +/- 1.4,1260,New Zealand,ATS rates negatively correlated with school-area walkability. Perception of traffic safety negatively correlated with ATS rates. ,,Negative,-,Negative,No,ATS only,
EYNL7I4F,Caetano 2022,2022,"Caetano, Isabella Toledo; Miranda, Valter Paulo Neves; Santos, Fernanda Karina dos; Amorim, Paulo Roberto dos Santos",Ecological correlates related to adolescent movement behaviors: A latent class analysis,PLOS ONE,7/21/22,,NEWS-Y,No,,accelerometer,LPA (accelerometer),step count (accelerometer),LPA (accelerometer); MVPA (accelerometer); step count (accelerometer),14-16,309,Brazil,"Having better street connectivity, diverse land use, traffic safety, walking easy, made participants more likely to be in the active and non-sedentary class than active and sedentary.",,-,Positive,Positive,No,"LCA, not direct associations",
EBE2HCKB,Caetano 2024,2024,"Caetano, Isabella Toledo; Fermino, Rogerio Cesar; Falcao, Renato de Oliveira; Amorim, Paulo Roberto dos Santos",Built environment and physical activity in adolescents: Use of the kernel density estimation and the walkability index,PLOS ONE,3/19/24,,Novel indicator,,MVPA,accelerometer,,,,14-16,292,Brazil,Highest quartile of walkability was associated with higher odds of sufficient PA,,-,Positive,Positive,No,Association test is not interpretable,
G4WZNBQQ,Macdonald 2019,2019,"Macdonald, Laura; McCrorie, Paul; Nicholls, Natalie; Olsen, Jonathan R.","Active commute to school: does distance from school or walkability of the home neighbourhood matter? A national cross-sectional study of children aged 10-11 years, Scotland, UK",BMJ open,12/23/19,SPACES,Novel Indicator,self report,,,,,ATS (self report),11-Oct,713,UK,Odds of active transport were less likely for those in the least walkable areas only. ,,Positive,-,Positive,No,ATS only,
XNC7D4N5,Cain 2017,2017,"Cain, Kelli L.; Gavand, Kavita A.; Conway, Terry L.; Geremia, Carrie M.; Millstein, Rachel A.; Frank, Lawrence D.; Saelens, Brian E.; Adams, Marc A.; Glanz, Karen; King, Abby C.; Sallis, James F.",Developing and validating an abbreviated version of the microscale audit for pedestrian streetscapes (MAPS-abbreviated),JOURNAL OF TRANSPORT & HEALTH,2017-06,Neighborhood impact on kids; teen environment and neighborhood,MAPS-Abbreviated,No,location-based PA; MVPA,accelerometer,Leisure PA in neighborhood (self report); leisure PA in neighborhood (parent report),Walk for transport (parent reported); Walk for transport (self reported),,9.1 (1.6); 14.1 (1.4),"758 children, 897 adolescents",USA,"Many different findings. Interesting to me is the cul-de-sacs were significantly related to PA in neighborhood for children, but not with objective MVPA",,-,?,Mixed,yes,,
6MCYVW4F,Cain 2014,2014,"Cain, Kelli L.; Millstein, Rachel A.; Sallis, James F.; Conway, Terry L.; Gavand, Kavita A.; Frank, Lawrence D.; Saelens, Brian E.; Geremia, Carrie M.; Chapman, James; Adams, Marc A.; Glanz, Karen; King, Abby C.",Contribution of streetscape audits to explanation of physical activity in four age groups based on the Microscale Audit of Pedestrian Streetscapes (MAPS),SOCIAL SCIENCE & MEDICINE,2014-09,Neighborhood impact on kids; teen environment and neighborhood,MAPS,self report; parent report,location-based PA; MVPA,accelerometer,Leisure and neighborhood PA (self report or parent report),self report; parent report,,9.1 (1.6); 14.1 (1.4),"758 children, 897 adolescents",USA,MAPS scores were related to MVPA for children and older adults. Active transport related to MAPS scores across the board. ,,Positive,Positive,Positive,yes,,
DDTV2E6Z,Tewahade 2019,2019,"Tewahade, Selam; Li, Kaigang; Goldstein, Risë B.; Haynie, Denise; Iannotti, Ronald J.; Simons-Morton, Bruce",Association between the Built Environment and Active Transportation among U.S. Adolescents,Journal of Transport & Health,2019-12,NEXT Generation Health Study,Frank including retail,self report,,,,,ATS (self report),10th grade,2780,USA,Walkability associated with active travel,,Positive,-,Positive,No,Active travel only,
T57H54QZ,Campbell 2023,2023,"Campbell, JE.; Janssen, I.",The neighborhood physical environment and the 24-hour movement behavior composition among children,International journal of environmental health research,2023,Active Play Study,Walk Score; other indicators,,LPA; MVPA,accelerometer,LPA accelerometer,,,13-Oct,458,Canada,No significant relationship between walkability and movement behaviors,,Neutral,,,yes,, 
RN3GTTMC,Lee 2020,2020,"Lee, Sungmin; Lee, Chanam; Nam, Ji Won; Abbey-Lambertz, Mark; Mendoza, Jason",School Walkability Index: Application of Environmental Audit Tool and GIS,Journal of Transport & Health,2020-09,Walking School Bus RCT,audit-based school WI; GIS-based school WI,self report,,,Before-school MVPA (accelerometer),,"ATS (self report); MVPA (accelerometer, before-school)",11-Aug,315,USA,"Audit-based WI was associated with ATS and before-school MVPA for children living within 1.5 km of school. GIS-based WI associated with before-school MVPA, not ATS","Before-school MVPA was used to estimate MVPA obtained on the journey to school. This is dependent on children living close to school, which children are less likely to live close to school when the area is less walkable",Positive,?,Positive,No,ATS only,
ANRAHA2L,Carlson 2015,2015,"Carlson, Jordan A.; Saelens, Brian E.; Kerr, Jacqueline; Schipperijn, Jasper; Conway, Terry L.; Frank, Lawrence D.; Chapman, Jim E.; Glanz, Karen; Cain, Kelli L.; Sallis, James F.","Association between neighborhood walkability and GPS-measured walking, bicycling and vehicle time in adolescents",Health & Place,2015-03,TEAN,Frank including retail,No,MVPA,,Total PA (accelerometer),Active travel (GPS),Active travel (GPS); Total PA (accelerometer),16-Dec,690,USA,Participants in highly walkable neighborhoods engaged in more walking and bicycling,,-,?,Positive,No,No association between walkability and PA,
BRH3UW4K,Deforche 2010,2010,"Deforche, B.; Van Dyck, D.; Verloigne, M.; De Bourdeaudhuij, I.",Perceived social and physical environmental correlates of physical activity in older adolescents and the moderating effect of self-efficacy,Preventive Medicine,2010-01,,NEWS,No,,,Leisure-time sports (self report),,Active transport (self report); leisure-time sports (self-report),17.4 +/- 0.6,1445,Belgium,"Land-use mix, street connectivity, and aesthetics positively related to active transport. Access to recreational facilities negatively related to active transport and leisure-time sports. Perceived safety from traffic positively related to leisure time sports. ",,-,Positive,Positive,No,Only PA outcome is leisure-time sports,
RXWELY4X,Chalikavada 2021,2021,"Chalikavada, Radhika; Broder, Jonathan C.; O’Hara, Rebecca L.; Xue, Wenyue; Gasevic, Danijela",The association between neighbourhood walkability and after-school physical activity in Australian schoolchildren,Health Promotion Journal of Australia,2021,,Walk Score,No,after-school PA,,After school PA (self report),,After school PA (self reported),14-Aug,16372,Australia,Living in a walker's paradise was associated with more afterschool PA.,,-,Positive,Positive,yes,Does not include MVPA or total PA,
5WF9CNFB,Cheah 2012,2012,"Cheah, WL.; Chang, CT.; Saimon, R.","Environment factors associated with adolescents' body mass index, physical activity and physical fitness in Kuching South City, Sarawak: a cross-sectional study",International journal of adolescent medicine and health,2012,,NEWS-Y (self),,,,PA before school (self report); PA during school (self report); PA after school (self report); Total PA (self report),,,14-16,316,Malaysia,No significant relationship between walkability and PA,,-,Neutral,Neutral,yes,Does not include MVPA,
A,Colley 2019,2019,"Colley, Rachel C; Christidis, Tanya; Mechaud, Isabelle; Tjepkema, Michael; Ross, Nancy A.",The association between walkable neighbourhoods and physical activity across the lifespan,Health Reports,2019,Canadian Health Measures Survey and Canadian Community Health Survey,Frank excluding retail (ALE index),,LPA; MVPA; organized PA; other PA,accelerometer,LPA (accelerometer); Total PA (self report); Total PA (parent report),Step count (accelerometer),,17-Mar,4030 for 3-11. Sample size for 12-17 not reported.,Canada,"Walkability was only significantly associated with accelerometer-based MVPA and accelerometer-based LPA for the 12-17 age range, not for 3-11. Walkability was not significantly associated with step counts. Walkability was significantly associated with self-reported transportation PA for 12-17 (not measured for <12). Only adults had a linear trend upward in MVPA with increasing walkability class. There was a downward trend for parent-reported PA for ages 5-11 with increasing walkability class.",Can-ALE is explicitly described as a walkability index,-,Mixed,Mixed,yes,,
SVP2MLWF,Carlson 2014,2014,"Carlson, Jordan A.; Sallis, James F.; Kerr, Jacqueline; Conway, Terry L.; Cain, Kelli; Frank, Lawrence D.; Saelens, Brian E.",Built environment characteristics and parent active transportation are associated with active travel to school in youth age 12-15,British Journal of Sports Medicine,2014-12,TEAN,NEWS-Y; Frank including retail,self report,,,,,ATS (self report),15-Dec,294,USA,"Perceived street connectivity, perceived pedestrian safety, objective residential density all psoitively associated with ATS",Excludes children who live more than 2 miles from their school,Positive,-,Positive,No,ATS only,
LGG37I5J,D'Haese 2015,2015,"D'Haese, Sara; Van Dyck, Delfien; De Bourdeaudhuij, Ilse; Deforche, Benedicte; Cardon, Greet",The association between the parental perception of the physical neighborhood environment and children's location-specific physical activity,BMC public health,6/19/15,BEPAS-child,NEWS (parent report),No,location-based PA; MVPA,accelerometer,PA in locations (parent report),,MVPA (accelerometer); PA in locations (parent reported),12-Sep,606,Belgium,"Children more likely to be active in nearby streets and on sidewalks if their parents pareceived lower street connectivity, higher land use mix, and more crime safety. No relationship with MVPA",,-,Mixed,Mixed,yes,,
XF72D9W4,D’Haese 2014,2014,"D’Haese, Sara; Van Dyck, Delfien; De Bourdeaudhuij, Ilse; Deforche, Benedicte; Cardon, Greet","The association between objective walkability, neighborhood socio-economic status, and physical activity in Belgian children",International Journal of Behavioral Nutrition and Physical Activity,8/23/14,BEPAS-child,Frank excluding retail,parent report,MVPA; organized PA,accelerometer,,,,12-Sep,606,Belgium,"In low SES neighborhoods, walkability was positively related to walking for transportation during leisure time and was negatively related to sports during leisure time. In high SES neighborhoods, walkability was unrelated to children's PA. No relationship between walkability and ATS or MVPA were found.",,Neutral,Neutral,Mixed,yes,,
HL8UIINH,Datar 2015,2015,"Datar, Ashlesha; Nicosia, Nancy; Wong, Elizabeth; Shier, Victoria",Neighborhood environment and children's physical activity and body mass index: Evidence from military personnel installation assignments,CHILDHOOD OBESITY,4/1/15,"Military Teenagers Environments, Exercise, and Nutrition Study",NEWS-Y,,MPA; VPA,,self report VPA; self report MPA,,,13-Dec,903,USA,Street connectivity had negative association with VPA. Crime safety was associated with more MPA,,-,Mixed,Mixed,yes,,
KD3EUXQW,Giles-Corti 2011,2011,"Giles-Corti, Billie; Wood, Gina; Pikora, Terri; Learnihan, Vincent; Bulsara, Max; Van Niel, Kimberly; Timperio, Anna; McCormack, Gavin; Villanueva, Karen",School site and the potential to walk to school: the impact of street connectivity and traffic exposure in school neighborhoods,Health & Place,2011-03,TREK,Novel indicator,parent report,,,,,ATS (parent report),Year 5-7,1480,Australia,"Children in schools with high connectivity and high traffic exposure were less likely to walk, while high connectivity and low traffic exposure more likely to walk. ",,Mixed,-,Mixed,No,ATS only,
NDABH4WD,De Meester 2014,2014,"De Meester, Femke; Van Dyck, Delfien; De Bourdeaudhuij, Ilse; Cardon, Greet",Parental perceived neighborhood attributes: associations with active transport and physical activity among 10-12 year old children and the mediating role of independent mobility,BMC PUBLIC HEALTH,6/20/14,,NEWS-Y (parent report),No,other PA,,Total PA (parent report),step count (pedometer and self report); step count (accelerometer),Total PA (parent report); step count (pedometer and self report); step count (accelerometer),12-Oct,736,Belgium,Many of the subscales in the NEWS-Y were positively associated with total PA and step counts,This is a type of total PA that is just the sum of other categories of PA,-,Positive,Positive,yes,Does not include MVPA,
EPKL93NP,Lavergne 2023,2023,"Lavergne, Valerie; Butler, Gregory; Prince, Stephanie A.; Contreras, Gisele",Associations between school-level environment and individual-level factors of walking and cycling to school in Canadian youth,PREVENTIVE MEDICINE REPORTS,2023-12,Health Behaviour in School-aged Children,Can-ALE,self report,,,,,ATS (self report),15-Nov,15460,Canada,"Walkability positively associated with walking to school, not associated with biking to school. ",,Positive,-,Positive,No,ATS only,
CI9KVCNK,De Meester 2013,2013,"De Meester, Femke; Van Dyck, Delfien; De Bourdeaudhuij, Ilse; Deforche, Benedicte; Cardon, Greet",Do psychosocial factors moderate the association between neighborhood walkability and adolescents' physical activity?,SOCIAL SCIENCE & MEDICINE,2013-03,BEPAS-Youth,Frank excluding retail,,MVPA; Total PA,accelerometer,LPA (accelerometer),,,13-15,637,Belgium,"Walkability was positively associated with PA  for adolescents in low-income neighborhoods who perceived many barriers and few benefits, while for adolescents who perceved few barriers and many benefits, the PA level was high, irrespective of neighborhood walkability. For adolescents in high income neighborhoos, no psychosocial attributes moderated the association between neighbrohood walkability and PA",,-,Positive,Mixed,yes,,
JZZC78DL,Nelson 2010,2010,"Nelson, Norah M.; Woods, Catherine B.",Neighborhood perceptions and active commuting to school among adolescent boys and girls,JOURNAL OF PHYSICAL ACTIVITY & HEALTH,2010-03,Physical Activity Research for Teenagers,NEWS,self report,,,,,,15-17,2159,Ireland,"Gendered differences in perception of built environment. Gendered differences in effect. Some subscales supported ATS, some prohibited",,Mixed,-,Mixed,No,ATS only,
3945FCNV,De Meester 2012,2012,"De Meester, Femke; Van Dyck, Delfien; De Bourdeaudhuij, Ilse; Deforche, Benedicte; Sallis, James F.; Cardon, Greet",Active living neighborhoods: is neighborhood walkability a key element for Belgian adolescents?,BMC PUBLIC HEALTH,1/4/12,BEPAS-Youth,Frank excluding retail,self report,MVPA; organized PA,accelerometer,,,,13-15,637,Belgium,Only in low-SES neighborhoods was walkability associated with MVPA. ATS had no association with walkability,,Neutral,Mixed,Mixed,yes,,
UR8HNX5W,Dias 2020,2020,"Dias, Arieli Fernandes; Gaya, Anelise Reis; Santos, Maria Paula; Brand, Caroline; Pizarro, Andreia Nogueira; Fochesatto, Camila Felin; Mendes, Thiago Monteiro; Mota, Jorge; Araujo Gaya, Adroaldo Cezar",Neighborhood environmental factors associated leisure walking in adolescents,REVISTA DE SAUDE PUBLICA,2020,,NEWS-Y; novel indicator,No,,,Leisure walking,Leisure walking (self report),,14-20,1113,Brazil,"Walkability associated with leisure walking only in middle SES girls, not associated in boys",,-,-,Mixed,yes,Does not include MVPA,
XKCKJIBG,Doan 2025,2025,"Doan, N.; Srugo, SA.; Prince, SA.; Colley, RC.; Rainham, DG.; Manyanga, T.; Butler, GP.; Larouche, R.; Turner, SE.; Lang, JJ.",Independent and joint associations of neighbourhood greenness and walkability with transportational and recreational physical activity among youth and adults in Canada,Preventive medicine reports,2025,Canadian Community Health Survey,Can-ALE,,other PA,,Recreational PA (self report),Active transport (self report),,17-Dec,132927 including adults,Canada,Walkability x vegetation was significantly positively related to active transport in youth. Walkability had no other significant associations for youth.,,,Mixed,,yes,Does not include MVPA or total PA,
JI9UCXZN,Duncan 2016,2016,"Duncan, Susan C.; Strycker, Lisa A.; Chaumeton, Nigel R.; Cromley, Ellen K.","Relations of neighborhood environment influences, physical activity, and active transportation to/from school across african american, latino american, and white girls in the united states",INTERNATIONAL JOURNAL OF BEHAVIORAL MEDICINE,2016-04,,Novel indicator,self report,MVPA,accelerometer,,,,12.06 (1.69),372,USA,"Active transport was significantly related to walkability, not MVPA",,Positive,Neutral,Mixed,yes,,
FBWXT4TS,Durand 2012,2012,"Durand, Casey P.; Dunton, Genevieve F.; Spruijt-Metz, Donna; Pentz, Mary Ann",Does community type moderate the relationship between parent perceptions of the neighborhood and physical activity in children?,AMERICAN JOURNAL OF HEALTH PROMOTION,2012-08,,NEWS (parent),self report,MVPA,accelerometer,,,,4th-8th grade,365,USA,"Lack of cul-de-sacs and walking infrastructure was positively related to MVPA> Social interaction was negatively related to MVPA. No other NEWS factors had a relationship with MVPA. For ATS, diverse land use and hard parking were negatively associated. Social interaction was positively associated. ",,Mixed,?,Mixed,yes,,
9JLLAHQZ,Gerards 2021,2021,"Gerards, SMPL.; Van, DHH., Kann; Kremers, SPJ.; Jansen, MWJ.; Gubbels, JS.",Do parenting practices moderate the association between the physical neighbourhood environment and changes in children's time spent at various physical activity levels? An exploratory longitudinal study,BMC Public Health,2021,Active Living Study,SPACE,,MVPA; LPA,accelerometer,LPA (accelerometer),,,12-Aug,240,The Netherlands,Walkability was significantly associated with a reduction in sedentary behavior at 18 month follow up,,-,Positive,,yes,,
K73DYFGN,Cottagiri 2021,2021,"Cottagiri, Susanna Abraham; De Groh, Margaret; Srugo, Sebastian A.; Jiang, Ying; Hamilton, Hayley A.; Ross, Nancy A.; Villeneuve, Paul J.","Are school-based measures of walkability and greenness associated with modes of commuting to school? Findings from a student survey in Ontario, Canada",CANADIAN JOURNAL OF PUBLIC HEALTH-REVUE CANADIENNE DE SANTE PUBLIQUE,2021-04,Ontario Student Drug Use and Health Survey,Can-ALE,self report,,,,,,20-Nov,11006,Canada,School area having higher walkability was associated with higher odds of active transport to school,,Positive,-,Positive,No,ATS only,
XBM5XBP6,Graziose 2016,2016,"Graziose, Matthew M.; Gray, Heewon Lee; Quinn, James; Rundle, Andrew G.; Contento, Isobel R.; Koch, Pamela A.","Association between the built environment in school neighborhoods with physical activity among new york city children, 2012",PREVENTING CHRONIC DISEASE,2016-08,"Food, Health, and Choices",Frank including retail,No,other PA,,PA frequency (self report),,,5th grade,952,USA,No significant relationship between walkability and PA,,-,Neutral,Neutral,yes,Does not include MVPA,
JZH37HNM,Hinckson 2017,2017,"Hinckson, Erica; Cerin, Ester; Mavoa, Suzanne; Smith, Melody; Badland, Hannah; Stewart, Tom; Duncan, Scott; Schofield, Grant",Associations of the perceived and objective neighborhood environment with physical activity and sedentary time in New Zealand adolescents,The International Journal of Behavioral Nutrition and Physical Activity,10/25/17,BEANZ,Novel indicator; NEWS-Y,No,MVPA,accelerometer,,,MVPA (accelerometer),18-Dec,524,New Zealand,Both objective and subjective indices showed positive relationship with MVPA,,-,Positive,Positive,yes,,
94ASP2UN,Napier 2011,2011,"Napier, Melissa A.; Brown, Barbara B.; Werner, Carol M.; Gallimore, Jonathan",Walking to school: Community design and child and parent barriers,JOURNAL OF ENVIRONMENTAL PSYCHOLOGY,2011-03,,"Stratified, walkably-designed community",self report,,,,,,5th grade,193,USA,Children in the walkable or mixed walkable communities were much more likely to walk to school vs the traditional community,,Positive,-,Positive,No,ATS only,
7XLFBA5W,Orellana 2024,2024,"Orellana, Daniel; Hermida, Carla; Quezada, Adriana; Andrade, Jorge; Ballari, Daniela",Children's active mobility to school: Evidence from two andean cities,SUSTAINABILITY,2024-04,,eMAPS ,parent report,,,,,,12-Oct,334,Ecuador,eMAPS was positively associated with active travel to school,,Positive,-,Positive,No,ATS only,
TSD3DUA8,De Meester 2013,2013,"De Meester, Femke; Van Dyck, Delfien; De Bourdeaudhuij, Ilse; Deforche, Benedicte; Cardon, Greet",Does the perception of neighborhood built environmental attributes influence active transport in adolescents?,INTERNATIONAL JOURNAL OF BEHAVIORAL NUTRITION AND PHYSICAL ACTIVITY,3/26/13,BEPAS-Youth,NEWS (self),self report,,,,walking during leasure time (self report),,13-15,637,Belgium,Connectivity had strong positive relationship with walking land use mix diversity and walking infrastructure had anegative association. Traditional walkability measures were not significant for walking for transport during leisure time. ,,Mixed,-,Mixed,No,ATS only,
5PH7ZNE2,Hobin 2012,2012,"Hobin, Erin; Leatherdale, Scott; Manske, Steve; Dubin, Joel; Elliott, Susan; Veugelers, Paul","A multilevel examination of factors of the school environment and time spent in moderate to vigorous physical activity among a sample of secondary school students in grades 9-12 in Ontario, Canada",INTERNATIONAL JOURNAL OF PUBLIC HEALTH,2012-08,SHAPES-Ontario,Frank excluding retail,self report,MVPA,self report,,,,9th-12th grades,22117,Canada,Walkability index was negatively associated with time spent in PA,,?,Negative,Negative,yes,,
VUUVCB3U,Wang 2022,2022,"Wang, Yinuo; Liu, Yang; Song, Shenzhi; Gittelsohn, Joel; Ouellette, Miranda; Ma, Yanan; Wen, Deliang","Individual, parental and built environmental features as influencing factors of active travel to school in northeast China: findings from a cross-sectional study",BMJ OPEN,2022-01,,NEWS-Y (parent report),self report,,,,,,15-Aug,3670,China,"Land use mix was positively associated with ATS, but not intersection density or redicential density. Suggestion from authors that NEWS-Y may not be appropriate for Chinese children",,MIxed,-,MIxed,No,ATS only,
KA2GD6GD,Hunter 2023,2023,"Hunter, Stephen; Battista, Kate; Leatherdale, Scott T.; Spence, John C.; Carson, Valerie",Longitudinal associations between the school built environment and adolescents? physical activity: Evidence from the COMPASS study.,JOURNAL OF TRANSPORT & HEALTH,2023-03,COMPASS,Walk Score,self report,MVPA,self report,,,,13-18,20221,Canada,"Walk Score was not significantly related to MVPA at a single time point, but it was associated with a smaller decline of MVPA over time",,?,Mixed,Mixed,yes,,
W3H4DSKK,Jacobs 2021,2021,"Jacobs, Jane; Crooks, Nic; Allender, Steven; Strugnell, Claudia; Backholer, Kathryn; Nichols, Melanie","Is the physical activity environment surrounding primary schools associated with students' weight status, physical activity or active transport, in regional areas of Victoria, Australia? A cross-sectional study",BMJ OPEN,2021,,Frank excluding retail,self report,MVPA,self report,,,,13-Aug,2144,Australia,"Walkability asssociated with active transport, but not with MVPA",,Positive,Neutral,Mixed,yes,,
5GLXQ95C,Janssen 2015,2015,"Janssen, I.; King, N.",Walkable school neighborhoods are not playable neighborhoods,Health & place,2015,Canadian Health Behaviour in School-Aged Children Survey,Novel,self report,Total PA,self report,,,,grades 6-8,3912,Canada,Children in lower walkable neighborhoods got more physical activity than in the most walkable neighborhoods. They were less likely to have at least 60 minutes of daily MVPA,"not really MVPA, just total PA",,negative,,yes,,
SE663ARF,Kligerman 2007,2007,"Kligerman, Morton; Sallis, James F.; Ryan, Sherry; Frank, Lawrence D.; Nader, Philip R.",Association of neighborhood design and recreation environment variables with physical activity and body mass index in adolescents,American journal of health promotion: AJHP,2007,,Frank including retail,No,MVPA,accelerometer,,,MVPA (accelerometer),14.6-17.6,351,USA,MVPA was significantly positively associated with walkability index,,-,Positive,Positive,yes,,
6ATT2WA2,Larouche 2019,2019,"Larouche, R.; Blanchette, S.; Faulkner, G.; Riazi, N.; Trudeau, F.; Tremblay, MS.",Correlates of children's physical activity: a canadian multisite study,Medicine and science in sports and exercise,2019,,Frank excluding retail,,MVPA; steps,Pedometer,,,,12-Aug,,Canada,No significant association between walkability and MVPA,,,Neutral,,yes,,
63RCIJR8,Laxer 2013,2013,"Laxer, Rachel E.; Janssen, Ian",The proportion of youths' physical inactivity attributable to neighbourhood built environment features,INTERNATIONAL JOURNAL OF HEALTH GEOGRAPHICS,6/18/13,Health Behaviour in School-Aged Children Survey (HBSC),Novel indicator,No,Total PA,,Total PA (self report),,,15-Nov,6626,Canada,Walkability associated with increased inactivity. Cul-de-sac density associated with less inactivity. ,,-,Negative,Negative,yes,Does no include MVPA,
9BQUTDD4,Rothman 2021,2021,"Rothman, Linda; Hagel, Brent; Howard, Andrew; Cloutier, Marie Soleil; Macpherson, Alison; Aguirre, Alberto Nettel; McCormack, Gavin R.; Fuselli, Pamela; Buliung, Ron; HubkaRao, Tate; Ling, Rebecca; Zanotto, Moreno; Rancourt, Mathieu; Winters, Meghan",Active school transportation and the built environment across Canadian cities: Findings from the child active transportation safety and the environment (CHASE) study,PREVENTIVE MEDICINE,2021-05,Child Active Transportation Safety and the Environment (CHASE),Walk Score,school report,,,,,,Jr Kindergarten - Grade 8,552 schools,Canada,Higher Walk Score was associated with higher odds of AST,,Positive,-,Positive,No,ATS only,
UPP5NHMY,de Bont 2021,2021,"de Bont, Jeroen; Marquez, Sandra; Fernandez-Barres, Silvia; Warembourg, Charline; Koch, Sarah; Persavento, Cecilia; Fochs, Silvia; Peya, Nuria; de Castro, Montserrat; Fossati, Serena; Nieuwenhuijsen, Mark; Basagana, Xavier; Casas, Maribel; Duarte-Salles, Talita; Vrijheid, Martine",Urban environment and obesity and weight-related behaviours in primary school children,ENVIRONMENT INTERNATIONAL,2021-10,,Novel indicator,,,,Total PA (self report); vigorous PA (self report),,,12-Sep,2213,Spain,No significant differences in PA between urban clusters,,-,Neutral,Neutral,No,Cluster analysis. Not a direct association.,
HXWLTNXR,Wang 2017,2017,"Wang, Xiaobo; Conway, Terry L.; Cain, Kelli L.; Frank, Lawrence D.; Saelens, Brian E.; Geremia, Carrie; Kerr, Jacqueline; Glanz, Karen; Carlson, Jordan A.; Sallis, James F.",Interactions of psychosocial factors with built environments in explaining adolescents' active transportation,PREVENTIVE MEDICINE,2017-07,TEAN,Frank including retail; MAPS,self report,,,,Active transport index (self report); Non-school active transport index (self report),,16-Dec,928,USA,"Both walkability and MAPS associated with increased active transportation. There were also significant interaction effects between self-efficacy and the walkability index, as well as barrier to activity in neighborhood and MAPS, and gender, MAPS active travel, and athletic ability",,Positive,-,Positive,No,Active travel only,
4DBDF6LL,Vanwolleghem 2016,2016,"Vanwolleghem, Griet; Schipperijn, Jasper; Gheysen, Freja; Cardon, Greet; De Bourdeaudhuij, Ilse; Van Dyck, Delfien",Children's GPS-determined versus self-reported transport in leisure time and associations with parental perceptions of the neighborhood environment,INTERNATIONAL JOURNAL OF HEALTH GEOGRAPHICS,5/5/16,,NEWS-Y (parent report),,,,,Leisure-time transport (self report); Leisure-time transport (GPS),,12-Oct,126,Belgium,"Significant associations between parentally perceived walkability and cycling, parentally perceived walking facilities with weekend walking trips. No other significant associations were found.",,-,-,Mixed,No,Active travel only,
N67C9FIL,Van Dyck 2013,2013,"Van Dyck, Delfien; De Meester, Femke; Cardon, Greet; Deforche, Benedicte; De Bourdeaudhuij, Ilse",Physical environmental attributes and active transportation in belgium: What about adults and adolescents living in the same neighborhoods?,AMERICAN JOURNAL OF HEALTH PROMOTION,2013-06,BEPAS; BEPAS-Y,NEWS (self); Frank excluding retail,self report,,,,Active transport (self report),,13-15,477,Belgium,"Perceived walkability was only associated with active transport for adults, not adolescents",,Neutral,-,Neutral,No,Active travel only,
97N7KJL3,Lee 2022,2022,"Lee, Jihyun; Healy, Sean; Haegele, Justin A.",Environmental and social determinants of leisure-time physical activity in children with autism spectrum disorder,DISABILITY AND HEALTH JOURNAL,2022-10,,Walk Score,,other PA,,leisure-time PA (parent report); days exercised at least 60 minutes (parent report),,,17-Oct,92,USA,No association between Walk Score and PA,Children had ASD,-,Neutral,Neutral,yes,Does not include MVPA,
YVVTLLT5,McDonald 2012,2012,"McDonald, Kelsey; Hearst, Mary; Farbakhsh, Kian; Patnode, Carrie; Forsyth, Ann; Sirard, John; Lytle, Leslie",Adolescent physical activity and the built environment: A latent class analysis approach,HEALTH & PLACE,2012-03,Transdisciplinary Research on Energetics and Cancer - Identifying Determinants of Eating and Activity,Frank excluding land use mix; stratified walkability,,,accelerometer,"VPA (accelerometer), total PA (accelerometer)",,,16-Oct,342,USA,No significant differences in PA between walkability classes,,-,Neutral,Neutral,No,"LCA, not direct associations",
ZUHV8C7Z,Lee 2016,2016,"Lee, Rebecca E.; Soltero, Erica G.; Jáuregui, Alejandra; Mama, Scherezade K.; Barquera, Simón; Jauregui, Edtna; Lopez y Taylor, Juan; Ortiz-Hernández, Luis; Lévesque, Lucie",Disentangling Associations of Neighborhood Street Scale Elements With Physical Activity in Mexican School Children,Environment and Behavior,1/1/16,SPAN,Pedestrian Environment Data Scan; Frank excluding retail,No,outdoor play; organized sports,,Outdoor play (parent report); Formal PA (parent report),,Outdoor play (parent report); Formal PA (parent report),11-Jun,1321,Mexico,Walkability lowers odds of outdoor play; Walkability lowers odds of formal PA/ ,,-,Negative,Negative,yes,Does not include MVPA or total PA,
47B89RN5,Leung 2010,2010,"Leung, Gregorich, CW; Yen, IH",Measuring the neighborhood environment: associations with young girls' energy intake and expenditure in a cross-sectional study,International journal of behavioral nutrition and physical activity,2010,"Cohort Study of Young Girls' Nutrituion, Environment, and Transitions",Novel indicator,,MET hours,,MET hours per week (self report),,,6.5-8.1,215,USA,Walkability was only significantly associated with PA for Hispanic girls,Walkability was not associated with neighborhood deprivation,-,Mixed,Mixed,yes,Does not include MVPA,
VJZGR9Q5,Van Dyck 2009,2009,"Van Dyck, Delfien; Cardon, Greet; Deforche, Benedicte; De Bourdeaudhuij, Ilse",Lower neighbourhood walkability and longer distance to school are related to physical activity in Belgian adolescents,PREVENTIVE MEDICINE,2009-06,,NEWS (self); stratified walkability,self report,,,,Step count (pedometer and self report); active travel (self report),,18-Dec,120,Belgium,Living in the suburban area was associated with more cycling for transport and to school. No other significant relationships were found.,,Neutral,?,Negative,No,ATS only,
8UMRHGGL,Noonan 2017,2017,"Noonan, RJ.; Boddy, LM.; Knowles, ZR.; Fairclough, SJ.","Fitness, fatness and active school commuting among liverpool schoolchildren",International journal of environmental research and public health,2017,,NEWS-Y (parent report),self report,,,,,,10-Sep,194,UK,Active commuting was positively related to land-use mix and street connectivity. It was negatively related to neighborhood aesthetics.,,Mixed,-,Mixed,No,ATS only,
EL7H9Q2L,Loh 2019,2019,"Loh, Venurs H. Y.; Veitch, Jenny; Salmon, Jo; Cerin, Ester; Thornton, Lukar; Mavoa, Suzanne; Villanueva, Karen; Timperio, Anna",Built environment and physical activity among adolescents: the moderating effects of neighborhood safety and social support,INTERNATIONAL JOURNAL OF BEHAVIORAL NUTRITION AND PHYSICAL ACTIVITY,12/18/19,Neighbourhood Activity in Youth (NEArbY),NEWS-Y (self report); Frank excluding retail,,MVPA,accelerometer (outside school),,,,15.3 (1.5),358,Australia,Objective walkability was associated with increased MVPA outside school hours,,-,Positive,Positive,yes,,
8T7DARA6,Lv 2023,2023,"Lv, Hewu; Wang, Rui",Association between the built environment and moderate to vigorous leisure-time physical activity among suzhou adolescents: a cross-sectional study,BMC PUBLIC HEALTH,7/10/23,,NEWS-CC,,walking; MVPA,,walking PA (self report); moderate leisure-time PA (self report); vigorous liesure-time PA (self report),,,18-Nov,2628,China,Walkability as measured by the NEWS-CC was significantly associated with leisure-time PA,,-,Positive,Positive,yes,Does not include MVPA,
A22TILFA,Maddison 2009,2009,"Maddison, R.; Hoorn, SV.; Jiang, Y.; Mhurchu, CN.; Exeter, D.; Dorey, E.; Bullen, C.; Utter, J.; Schaaf, D.; Turley, M.","The environment and physical activity: The influence of psychosocial, perceived and built environmental factors",The international journal of behavioral nutrition and physical activity,2009,,NEWS; Frank excluding retail,,MVPA; other PA,accelerometer; self report,,,,17-Dec,110,New Zealand,No association between walkability or accessibility and PA,,,Neutral,,yes,,
NYGK4PDW,Grow 2008,2008,"Grow, Helene Mollie; Saelens, Brian E.; Kerr, Jacqueline; Durant, Nefertiti H.; Norman, Gregory J.; Sallis, James F.","Where are youth active? Roles of proximity, active transport, and built environment",MEDICINE & SCIENCE IN SPORTS & EXERCISE,2008-12,,NEWS,,,,Activity at location (self report or parent report),Active transport to site (adolescent self report); Active transport to site (child parent report),,18-May,"87 children, 124 adolescents",USA,"Traffic safety, pedestrian infrastructure, and crime were associated with active transport ",,-,-,Positive,No,DV is activity at recreation site,
LNFVWIHI,McCrorie 2020,2020,"McCrorie, Paul; Mitchell, Rich; Macdonald, Laura; Jones, Andrew; Coombes, Emma; Schipperijn, Jasper; Ellaway, Anne",The relationship between living in urban and rural areas of Scotland and children's physical activity and sedentary levels: a country-wide cross-sectional analysis,BMC public health,3/6/20,,Novel indicator,No,MVPA; LPA,accelerometer,LPA (accelerometer),,MVPA (accelerometer); LPA (accelerometer),11-Oct,774,UK,Walkability significantly related to household income (less walkable as household income increased). Walkability did not predict any PA outcome.,,-,Neutral,Neutral,No,No relationship between walkability and PA,
RBFVPZYW,McGrath 2016,2016,"McGrath, Leslie J.; Hinckson, Erica A.; Hopkins, Will G.; Mavoa, Suzanne; Witten, Karen; Schofield, Grant",Associations between the neighborhood environment and moderate-to-vigorous walking in new zealand children: Findings from the URBAN study,SPORTS MEDICINE,2016-07,URBAN (Understanding the Relationship between Activity and Neighborhoods),Stratified walkability by Frank including retail; SPACES audit,step count (accelerometer),MVPA; LPA,accelerometer,LPA (accelerometer),step count (accelerometer),,9.3 (2.1),227,New Zealand,"Upper titile walkability associated with fewer afterschool steps than lower tertile, while weekend and holiday steps higher for middle tertile than lower tertile. MVPA on school commute lower for middle tertile than lower tertive. After school MVPA siginficantly higher for lower tertile walkability than upper tertile. For the SPACES audit, children in neighborhoods in the upper tertile of pedestrian safety ad less MVPA overall, and lower step counts after school and on non-school days. Roads in the upper tertile of attractiveness had highest step count during non-school hours.",,Negative,Negative,Negative,yes,,
75S8QTFF,Merchant 2007,2007,"Merchant, Anwar T.; Dehghan, Mahshid; Behnke-Cook, Deanna; Anand, Sonia S.","Diet, physical activity, and adiposity in children in poor and rich neighbourhoods: a cross-sectional comparison",NUTRITION JOURNAL,2007,,NEWS,,,,self-report total PA,,,9.0 (2.1),160,Canada,,,,,,No,No relationship between walkability and PA,
KRNKGLB2,Millstein 2011,2011,"Millstein, Rachel A.; Strobel, Joe; Kerr, Jacqueline; Sallis, James F.; Norman, Gregory J.; Durant, Nefertiti; Harris, Sion; Saelens, Brian E.","Home, school, and neighborhood environment factors and youth physical activity",Pediatric Exercise Science,2011-11,,NEWS-Y,No,other PA,,Total PA (self report); Total PA (parent report),,Total PA (self-report); Total PA (parent-report),18-May,241,USA,"For younger children, street connectivity was significantly and positively associated with Pa. ",,-,Positive,Positive,yes,Does not include MVPA,
JVTURQJL,Wang 2022,2022,"Wang, Xiaoge; Liu, Ye; Zhu, Chunwu; Yao, Yao; Helbich, Marco","Associations between the streetscape built environment and walking to school among primary schoolchildren in Beijing, China",JOURNAL OF TRANSPORT GEOGRAPHY,2022-02,Fourth Beijing Official Household Travel Survey,Novel indicator (CV),self report,,,,,,9.04 (1.83),1758,China,Walkability lowered odds of ATS. Street safety facility also were associated with lower odds of walking to school.,,-,-,Negative,No,ATS only,
B4VQN2Q5,Molina-García 2017,2017,"Molina-García, Javier; Queralt, Ana; Adams, Marc A.; Conway, Terry L.; Sallis, James F.",Neighborhood built environment and socio-economic status in relation to multiple health outcomes in adolescents,Preventive Medicine,2017-12,IPEN,Frank excluding retail,self report,MVPA; other PA; organized PA,accelerometer,,,MVPA (accelerometer); ATS (self report),14-18,325,Spain,"High-SES, high-walkability neighborhoods had the greatest MVPA. Active commuting was more frequent in lower-walkable, higher-SES neighborhoods.",,Negative,Positive,Mixed,yes,,
47G54WYY,Nakabazzi 2021,2021,"Nakabazzi, B.; Wachira, LM.; Oyeyemi, AL.; Ssenyonga, R.; Onywera, VO.",Parental-perceived home and neighborhood environmental correlates of accelerometer-measured physical activity among school-going children in Uganda,PLOS Glob Public Health,2021,,Adapted from Neighborhood Impact on Kids and NEWS-Africa (parent report),,,accelerometer,,,,12-Oct,256,Uganda,"Higher residential density and lower crime safety were related to children being more likely to meet MVPA guidelines. Generally, few and inconsistent associations of home and neighborhood environments on children's MVPA",,-,Mixed,Mixed,yes,,
G5QUAA8H,Hermosillo-Gallardo 2020,2020,"Hermosillo-Gallardo, Maria E.; Sebire, Simon J.; Jago, Russell",Perception of safety and its association with physical activity in adolescents in mexico,AMERICAN JOURNAL OF PREVENTIVE MEDICINE,2020-05,,NEWS-Y,self report,,self report,"sports (self report), leisure-time PA (self report), PE class (self report)",,,15-18,4079,Mexico,Low perception of pedestrian safety was associated with lowere MVPA and sports activity for female adolescents. No association for male adolescents.,,?,Mixed ,Mixed ,No,Not walkability,
VHLQZCMQ,Dias 2022,2022,"Dias, Arieli Fernandes; Fochesatto, Camila Felin; Crochemore-Silva, Inacio; Brand, Caroline; Mota, Jorge; Gaya, Anelise Reis; Gaya, Adroaldo Cezar Araujo","Team sports, running, walking: activity-specific associations with perceived environmental factors in adolescents",CIENCIA & SAUDE COLETIVA,2022-05,,NEWS-Y,,,,"running (self report), general PA (self report); sports (self report)",Walking (self report),,14-20,1130,Brazil,"Walkability was not associated with walking behavior or running behavior. Safe street crossing was associated with sports participation, but no other walkability measures were. Walkability was not associated with general PA",,-,Neutral,Neutral,No,"LCA, not direct associations",
YXKCRDLK,Nathan 2023,2023,"Nathan, Andrea; Schipperijn, Jasper; Robinson, Trina; George, Phoebe; Boruff, Bryan; Trost, Stewart G.; Christian, Hayley",The moderating role of parent perceptions in relationships between objectively measured neighbourhood environment attributes and pre-schooler's physical activity: Findings from the PLAYCE study,Health & Place,2023-05,PLAYCE,NEWS-Y,No,Total PA; energetic play,energetic play (accelerometer),Total PA (accelerometer),,Total PA (accelerometer); energetic play (accelerometer),5-Jan,1038,Australia,Neighborhood parks only associated with energetic play when parents had above average perception of accessibility. Objectively measured street connectivity was associated with less energetic play when pedestrian and traffic safety was perceived to be below average. ,,-,Mixed,Mixed,yes,,
49XHQY2H,Norman 2006,2006,"Norman, Gregory J.; Nutter, Sandra K.; Ryan, Sherry; Sallis, James F.; Calfas, Karen J.; Patrick, Kevin",Community Design and Access to Recreational Facilities as Correlates of Adolescent Physical Activity and Body-Mass Index,Journal of Physical Activity & Health,2006-02,,Frank including retail,No,MVPA,accelerometer,,,MVPA (accelerometer),15-Nov,799,USA,"Girls, MVPA significantly positive with recreation facilities and number of parks. Girls, MVPA significantly negative with intersection density. Boys, MVPA significantly positive with retail floor area. ",,-,Mixed,Mixed,yes,,
WUQLYXXL,Hino 2021,2021,"Hino, Kimihiro; Ikeda, Erika; Sadahiro, Saiko; Inoue, Shigeru","Associations of neighborhood built, safety, and social environment with walking to and from school among elementary school-aged children in Chiba, Japan",INTERNATIONAL JOURNAL OF BEHAVIORAL NUTRITION AND PHYSICAL ACTIVITY,11/27/21,,NEWS-Y; NEWS-A,parent report,,,,,,12-Jun,1545,Japan,"For walkability scale, only crime safety was associated with increased odds of walking to school. Traffic safety was associated with walking home from school.",,Mixed,-,Mixed,No,ATS only,
SXX5XKNM,Perez 2017,2017,"Perez, L. G.; Conway, T. L.; Arredondo, E. M.; Elder, J. P.; Kerr, J.; McKenzie, T. L.; Sallis, J. F.",Where and when adolescents are physically active: Neighborhood environment and psychosocial correlates and their interactions,PREVENTIVE MEDICINE,2017-12,,Frank including retail; parent-perceived walkability,,MVPA; location-based PA,accelerometer,neighborhood lesiure-time PA (self report); non-neighborhood leisure-time PA (self report),,,16-Dec,910,USA,"GIS-based walkability index was not associated with any PA outcome. Parental-perceived walkability was not associated with any PA outcome. Only the interaction between walkability and decisional balance was associated with increased non-school MVPA in girls, and non-neighborhood LTPA in boys. ",,-,Mixed,Mixed,yes,,
I9T5TGT5,Yu 2015,2015,"Yu, Chia-Yuan; Zhu, Xuemei",Impacts of residential self-selection and built environments on children's walking-to-school behaviors,ENVIRONMENT AND BEHAVIOR,2015-04,,Perceived walkability (parent),parent report,,,,,,Elementary school,2597,USA,"Self-selection of walkable neighborhood was significant, but not parent's perceived walkability",,Neutral,-,Neutral,No,ATS only,
IRM44588,Pitts 2013,2013,"Pitts, Stephanie B. Jilcott; Carr, Lucas J.; Brinkley, Jason; Byrd, James Langford, III; Crawford, Thomas; Moore, Justin B.",Associations between neighborhood amenity density and health indicators among rural and urban youth,AMERICAN JOURNAL OF HEALTH PROMOTION,2013-10,,Walk Score,,MVPA,accelerometer,,,,12.2 (1.0),296,USA,Walk Score was negatively related to MVPA,,-,Negative,Negative,yes,,
PCJBI6UF,Nelson 2006,2006,"Nelson, Melissa C.; Gordon-Larsen, Penny; Song, Yan; Popkin, Barry M.",Built and social environments - Associations with adolescent overweight and activity,AMERICAN JOURNAL OF PREVENTIVE MEDICINE,2006-08,National Longitudinal Study of Adolescent Health,"Cluster analysis using intersection density, gamma index, cyclomatic index, alpha index",,,self report,,,,Grades 7 - 12,20745,USA,Adolescents in older suburban developments were more likely to engage in 5 or more bouts of MVPA per week than adolescents in new suburban development. No significant relationship for urban or rural.,,-,Mixed,Mixed,No,Cluster analysis. Not a direct association.,
8NZBA6NM,Caetano 2021,2021,"Caetano, Isabella Toledo; Neves Miranda, Valter Paulo; dos Santos, Fernanda Karina; dos Santos Amorim, Paulo Roberto",Adolescent's movement behaviors and built environment: a latent class analysis,BMC PUBLIC HEALTH,10/25/21,,NEWS-Y,,,,LPA (accelerometer),,,15.37 (0.57),309,Brazil,Adolescents in best perceived environment were less liekly to have adequate LPA time than adolescents in worst perceived environment.,,-,Negative,Negative,No,"LCA, not direct associations",
TD62L6FQ,Kerr 2006,2006,"Kerr, J; Rosenberg, D; Sallis, JF; Saelens, BE; Frank, LD; Conway, TL",Active commuting to school: Associations with environment and parental concerns,MEDICINE AND SCIENCE IN SPORTS AND EXERCISE,2006-04,Neighborhood Quality of Life Study,Stratified based on Frank including retail; NEWS (parent),parent report,,,,,,18-Apr,259,USA,High neighborhood walkability was significantly related with increased odds of an active commute to school. Many items on NEWS were also related. The interaction between walkability and income and walkability and parental concern was also significant. ,,Positive,-,Positive,No,ATS only,
NJ3LS995,D'Haese 2011,2011,"D'Haese, Sara; De Meester, Femke; De Bourdeaudhuij, Ilse; Deforche, Benedicte; Cardon, Greet",Criterion distances and environmental correlates of active commuting to school in children,INTERNATIONAL JOURNAL OF BEHAVIORAL NUTRITION AND PHYSICAL ACTIVITY,8/10/11,,NEWS-Y (parent report),parent report,,,,,,12-Nov,696,Belgium,Only perceived accessibility by the parents was positively associated with active commuting to school.,,Mixed,-,Mixed,No,ATS only,
68APT3HX,Rosenberg 2009,2009,"Rosenberg, Dori; Ding, Ding; Sallis, James F.; Kerr, Jacqueline; Norman, Gregory J.; Durant, Nefertiti; Harris, Sion K.; Saelens, Brian E.",Neighborhood Environment Walkability Scale for Youth (NEWS-Y): reliability and relationship with physical activity,Preventive Medicine,2009,,NEWS-Y,No,location-based PA; total PA,,Total PA (self report); Total PA (parent report),,Total PA (self-report); Total PA (parent-report),18-May,287,USA,Low agreement between parent and adolescent reports on the NEWS-Y. Generally positive relationship between NEWS-Y and activity in neighborhood.,,-,Positive,Positive,yes,Does not include MVPA,
428F8X4B,Molina-García 2017,2017,"Molina-García, Javier; Queralt, Ana",Neighborhood Built Environment and Socioeconomic Status in Relation to Active Commuting to School in Children,,10/1/17,IPEN Adolescent Study,Stratified based on Frank excluding retail,self report,,,,,,12-Oct,310,Spain,"Walkability in the home neighborhood was associated with ATS, but not in the school neighborhood. ",,Positive,-,Positive,No,ATS only,
NCI3JGRI,Ross 2018,2018,"Ross, Sharon E. Taverno; Clennin, Morgan N.; Dowda, Marsha; Colabianchi, Natalie; Pate, Russell R.",Stepping it up: Walking behaviors in children transitioning from 5th to 7th grade,INTERNATIONAL JOURNAL OF ENVIRONMENTAL RESEARCH AND PUBLIC HEALTH,2018-02,TRACK,Walk Score,,walking for exercise,,Walking for exercise,Walking for exercise (self report); Walking for transport (self report),,10.5 (0.6),586,USA,Girls with a higher Walk Score had higher odds of walking for transportation than girls with a lower Walk Score. No significant relationship was found between walking behavior and Walk Score for boys or for the combined group.,,-,-,Mixed,yes,Does not include MVPA,
INPVZU2R,Barnett 2019,2019,"Barnett, A.; Akram, M.; Sit, CH.; Mellecker, R.; Carver, A.; Cerin, E.",Predictors of healthier and more sustainable school travel mode profiles among Hong Kong adolescents,The international journal of behavioral nutrition and physical activity,2019,,NEWS-Y (parent report),self report,,,,,,14.70 (1.57),1299,Hong Kong,No clear relationship reported between walkability and ATS,Hong Kong is most walkable city in Asia. Most students walked sometimes.,Neutral,,,No,ATS only,
WCMULF45,Barnett 2019,2019,"Barnett, A.; Sit, CHP.; Mellecker, RR.; Cerin, E.","Associations of socio-demographic, perceived environmental, social and psychological factors with active travel in Hong Kong adolescents: the iHealt(H) cross-sectional study",Journal of transport & health,2019,,NEWS-Y (parent report),self report,,,,self report to other destinations,,14.70 (1.57),1299,Hong Kong,Accessibility of places was significantly associated with AT to destinations other than school,,,,,No,Active travel only,
3Z3RQNUN,Borner 2018,2018,"Borner, KB.; Mitchell, TB.; Carlson, JA.; Kerr, J.; Saelens, BE.; Schipperijn, J.; Frank, LD.; Conway, TL.; Glanz, K.; Chapman, JE.; Cain, KL.; Sallis, JF.",Latent profile analysis of young adolescents' physical activity across locations on schooldays,Journal of transport & health,2018,Teen Environment and Neighborhood study,Novel,self report,,accelerometer,,,,14.12 (1.44),528,USA,No significant differences were found in walkability between the different profiles in analysis,ATS was used as an independent variable,,Neutral,,No,"LCA, not direct associations",
3E84V643,Bosch 2020,2020,"Bosch, Lander S. M. M.; Wells, Jonathan C. K.; Lum, Sooky; Reid, Alice M.",Associations of the objective built environment along the route to school with children's modes of commuting: A multilevel modelling analysis (the SLIC study),PLOS ONE,4/9/20,Size and Lung function In Children study,Novel,self report; parent report,,,,,,11-May,1889,UK,"The lowest quintile of walkability crossed was significantly related to higher odds of ATS, but not for most walkable vs least walkable.",,Mixed,-,,No,ATS only,
TEYRFQ8I,Bringolf-Isler 2018,2018,"Bringolf-Isler, B.; Schindler, C.; Kayser, B.; Suggs, LS.; Probst-Hensch, SOPHYA, N;",Objectively measured physical activity in population-representative parent-child pairs: parental modelling matters and is context-specific,BMC Public Health,2018,SOPHYA,Frank excluding retail,,,accelerometer,,,,16-Jun,,Switzerland,I am confused and need to look into this further,,,,,No,No measure of significance,
8J42XH96,Sallis 2015,2015,"Sallis, James F.; Cain, Kelli L.; Conway, Terry L.; Gavand, Kavita A.; Millstein, Rachel A.; Geremia, Carrie M.; Frank, Lawrence D.; Saelens, Brian E.; Glanz, Karen; King, Abby C.",Is your neighborhood designed to support physical activity? A brief streetscape audit tool,PREVENTING CHRONIC DISEASE,2015-09,Neighborhood impact on kids; teen environment and neighborhood,MAPS-Mini,self report; parent report,MVPA; location-based PA,accelerometer,,,,9.1 (1.6); 14.1 (1.4),"758 children, 897 adolescents",USA,Significant associations between items on MAPS-mini and active transportation. MAPS-Mini only related to leisure PA for children. Commercial areas and transit stops were negatively associated with leisure PA in children.,,?,Mixed,Mixed,yes,,
K93LEF9U,D'Haese 2016,2016,"D'Haese, S.; Gheysen, F.; De, I., Bourdeaudhuij; Deforche, B.; Van, D., Dyck; Cardon, G.",The moderating effect of psychosocial factors in the relation between neighborhood walkability and children's physical activity,The international journal of behavioral nutrition and physical activity,2016,BEPAS_child,Frank excluding retail,parent report,,accelerometer,,,,12-Sep,494,Belgium,Walkability had significant negative interactions with friend support and self-efficacy on weekend MVPA. Attitude x walkability had a significant negative association with weekday MVPA. ,,Mixed,,,No,No relationship between walkability and PA,
3AAGCGKS,Sallis 2018,2018,"Sallis, JF.; Conway, TL.; Cain, KL.; Carlson, JA.; Frank, LD.; Kerr, J.; Glanz, K.; Chapman, JE.; Saelens, BE.","Neighborhood built environment and socioeconomic status in relation to physical activity, sedentary behavior, and weight status of adolescents",Preventive medicine,2018,Teen Environment and Neighborhood study,Frank including retail,,MVPA; Total PA; organized PA,accelerometer,"Total PA outside of school, self-report",,,16-Dec,928,USA,Higher walkability was significantly related to higher MVPA,,,Positive,Positive,yes,,
G999LUHS,Stevens 2011,2011,"Stevens, Robert B.; Brown, Barbara B.","Walkable new urban LEED_Neighborhood-Development (LEED-ND) community design and children's physical activity: selection, environmental, or catalyst effects?",INTERNATIONAL JOURNAL OF BEHAVIORAL NUTRITION AND PHYSICAL ACTIVITY,12/20/11,,"Stratified, walkably-designed community",,other PA,accelerometer,,,,5th grade,187,USA,"Walkability was related to more MVPA during the half hour before and after school. For boys only, walkability related to more MVPA after school.",One of my favorite papers. Very sad to not include it,-,Positive,Positive,No,Only stratified walkability,Might include this elsewhere?
53UAQI8Y,Dunton 2012,2012,"Dunton, GF.; Intille, SS.; Wolch, J.; Pentz, MA.",Children's perceptions of physical activity environments captured through ecological momentary assessment: a validation study,Preventive medicine,2012,,NEWS (parent),,,acclerometer,,,,13-Sep,108,USA,No relationship between MVPA and perceived environment characteristics in full model,,,Neutral,,No,Not walkability,
YALF5Z29,Ganzar 2024,2024,"Ganzar, LA.; Burford, K.; Salvo, D.; Spoon, C.; Sallis, JF.; Hoelscher, DM.","Development, scoring, and reliability for the microscale audit of pedestrian streetscapes for safe routes to school (MAPS-SRTS) instrument",BMC Public Health,2024,,MAPS-SRTS,,,,,,,,,,,,,,,No,Does not measure PA,
EYJHC4AD,Tappe 2013,2013,"Tappe, Karyn A.; Glanz, Karen; Sallis, James F.; Zhou, Chuan; Saelens, Brian E.",Children’s physical activity and parents’ perception of the neighborhood environment: neighborhood impact on kids study,International Journal of Behavioral Nutrition and Physical Activity,3/27/13,Neighborhood impact on kids,Frank including retail,No,MVPA; location-based PA; other PA,accelerometer,,,MVPA (acceleromter),11-Jun,724,USA,No significant relationship found between walkability and objectively measured MVPA,,-,Neutral,Neutral,yes,,
D8YHWCQS,Holt 2008,2008,"Holt, N. L.; Spence, J. C.; Sehn, Z. L.; Cutumisu, N.",Neighborhood and developmental differences in children's perceptions of opportunities for play and physical activity,HEALTH & PLACE,2008-03,,Frank excluding retail,Mental map self report,,,Mental map self report,,,12-Jun,168,Canada,Children in high walkable neighborhood depicted more active transport than children in low walkable neighborhood,,,,,No,Does not measure PA,
XF9GF6ST,Huang 2010,2010,"Huang, SJ.; Hung, WC.; Sharpe, PA.; Wai, JP.",Neighborhood environment and physical activity among urban and rural schoolchildren in Taiwan,Health & place,2010,,NEWS,,,self report,,,,12-Nov,726,Taiwan,"Walkability was not significantly different between urban and rural environments, but accessibility was much higher for urban environments. Walkability was not significantly associated with PA, but accessibility had a positive association with PA.",,,Mixed,,No,Cluster analysis. Not a direct association.,
7E888IND,Huertas-Delgado 2018,2018,"Huertas-Delgado, Francisco Javier; Mertens, Lieze; Chillon, Palma; Van Dyck, Delfien",Parents' and adolescents' perception of traffic- and crime-related safety as correlates of independent mobility among Belgian adolescents,PLoS One,2018-09,BEPAS-child,NEWS-Y (parent and child together),,,,,Independent mobility,,15-Dec,,,,,,,,No,Does not measure PA,
R74FEUEI,Terron-Perez 2024,2024,"Terron-Perez, Marta; Molina-Garcia, Javier; Santaines-Borreda, Elena; Estevan, Isaac; Queralt, Ana",Using the MAPS-global audit tool to assess the influence of microscale built-environment attributes related to physical activity and sedentary behavior in spanish youth,SAFETY,2024-09,IPEN Adolescent Study,MAPS-Global,,MVPA,accelerometer,,"Active communiting in neighborhood, excluding trips to school (self report)",,14-18,465,Spain,"One MAPS global scale had a significant positive relationship with MVPA, but not the overall score. The overall scores had significant positive relationships to active commuting.",,-,Mixed,Mixed,yes,,
3ULRKZM9,Jauregui 2016,2016,"Jauregui, A.; Soltero, E.; Santos-Luna, R.; Hern√°ndez-Barrera, L.; Barquera, S.; J√°uregui, E.; L√©vesque, L.; L√≥pez-Taylor, J.; Ortiz-Hern√°ndez, L.; Lee, R.",A multisite study of environmental correlates of active commuting to school in mexican children,Journal of physical activity & health,2016,,-,,,,,,,,,,,,,,,No,ATS only,
9ISIQ6QW,Kurka 2015,2015,"Kurka, JM.; Adams, MA.; Todd, M.; Colburn, T.; Sallis, JF.; Cain, KL.; Glanz, K.; Frank, LD.; Saelens, BE.",Patterns of neighborhood environment attributes in relation to children's physical activity,Health & place,2015,Neighborhood Impact on Kids Study,NEWS; NEWS-Y; ,,,accelerometer,,,,12-Jun,678,USA,Out-of-school MVPA was significantly lower for low walkable unsafe neighborhoods,,,Positive,,No,"LCA, not direct associations",
S5AT4LSD,Larouche 2024,2024,"Larouche, R.; B√©langer, M.; Brussoni, M.; Faulkner, G.; Gunnell, K.; Tremblay, MS.",Correlates of active school transportation during the COVID-19 pandemic among canadian 7- to 12-year-olds: a national study,Journal of physical activity & health,2024,,-,,,,,,,,,,,,,,,No,ATS only,
Y948S9JG,Tung 2016,2016,"Tung, S. E. H.; Ng, X. H.; Chin, Y. S.; Taib, M. N. Mohd","Associations between parents' perception of neighbourhood environments and safety with physical activity of primary school children in Klang, Selangor, Malaysia",CHILD CARE HEALTH AND DEVELOPMENT,2016-07,,NEWS-abbreviated (parent),No,other PA,,Total PA (self report),,,12-Sep,250,Malaysia,Parent's perception of accessible land use mix and traffic safety was associated with PA for the child. ,,-,Positive,Positive,yes,Does not include MVPA,
UIY8Q5NH,Liao 2020,2020,"Liao, Bojing; E. W. van den Berg, Pauline; van Wesemael, Pieter J. V.; A. Arentze, Theo",How Does Walkability Change Behavior? A Comparison between Different Age Groups in the Netherlands,International Journal of Environmental Research and Public Health,2020-01,,Novel,,,,Walking frequency,Walking frequency,,,,The Netherlands,,,,,,No,Active travel only,
79N9SB7H,Voorhees 2011,2011,"Voorhees, Carolyn C.; Yan, Alice F.; Clifton, Kelly J.; Wang, Min Qi","Neighborhood environment, self-efficacy, and physical activity in urban adolescents",AMERICAN JOURNAL OF HEALTH BEHAVIOR,2011,Baltimore Active Living Teens Study ,NEWS,self report,,accelerometer,LPA (accelerometer),self report,,high school,350,USA,Land use mix and neighborhood satisfaction were associated with walking. Land use mix was associated with MVPA. ,,Positive,Positive,Positive,yes,,
WVW2R9A3,Mah 2017,2017,"Mah, SK.; Nettlefold, L.; Macdonald, HM.; Winters, M.; Race, D.; Voss, C.; McKay, HA.",Does parental support influence children's active school travel?,Preventive medicine reports,2017,,-,,,,,,,,,,,,,,,No,ATS only,
E5SA28UD,Wayas 2023,2023,"Wayas, Feyisayo A.; Smith, Joanne A.; Lambert, Estelle V.; Guthrie-Dixon, Natalie; Wasnyo, Yves; West, Sacha; Oni, Tolu; Foley, Louise",Association of Perceived Neighbourhood Walkability with Self-Reported Physical Activity and Body Mass Index in South African Adolescents,International Journal of Environmental Research and Public Health,1/30/23,,NEWS-Africa,No,MVPA; organized sports; other PA,self report,,active transport (self report),MVPA (self report); active transport (self report),13-18,143,South Africa,Inconsisttent findings,,-,Mixed,Mixed,yes,,
LVGKIDCI,Mitáš 2018,2018,"Mitáš, J.; Sas-Nowosielski, K.; Groffik, D.; Frömel, K.",The safety of the neighborhood environment and physical activity in czech and polish adolescents,International journal of environmental research and public health,2018,,NEWS-A,,,Pedometer,"Total PA; MPA, VPA",,,,2001,Poland; Czech Republic,Significant association between environmental safety and total PA and lesiure-time vigorous PA. Total PA was negatively associated with environmental safety. Vigorous PA. Leisure-time total PA was higher for girls living in higher environmental safety neighborhoods. ,,,Mixed,,No,Not walkability,
38D7FM7D,Panter 2010,2010,"Panter, JR.; Jones, AP.; van, EM., Sluijs; Griffin, SJ.","Attitudes, social support and environmental perceptions as predictors of active commuting behaviour in school children",Journal of epidemiology and community health,2010,,-,,,,,,,,,,,,,,,No,Active travel only,
4ZLK9JD5,Roberts 2016,2016,"Roberts, JD.; Knight, B.; Ray, R.; Saelens, BE.",Parental perceived built environment measures and active play in Washington DC metropolitan children,Preventive medicine reports,2016,Built Environment and Active Play,Parent's perception,,,,Parent-reported active play,,,12-Jul,144,USA,Many significant associations between perceived BE and children. Not really a clear finding on walkability though,,,,,No,Not walkability,
EQG993S6,Xu 2017,2017,"Xu, Huilan; Wen, Li Ming; Hardy, Louise L.; Rissel, Chris",Mothers' perceived neighbourhood environment and outdoor play of 2-to 3.5-year-old children: Findings from the healthy beginnings trial,INTERNATIONAL JOURNAL OF ENVIRONMENTAL RESEARCH AND PUBLIC HEALTH,2017-09,Healthy Beginnings Trial,Walk Score (dichotomized),,other PA,,Outdoor playtime (mother report),,,2-3.5,497 and 415?,Australia,"Walk Score was not associated with odds of outdoor playtime, but perceived safe outdoor play was",,-,Neutral,Neutral,yes,Does not include MVPA,
HTWDW8ZU,Salvy 2017,2017,"Salvy, SJ.; Feda, DM.; Epstein, LH.; Roemmich, JN.",The social context moderates the relationship between neighborhood safety and adolescents' activities,Preventive medicine reports,2017,,NEWS,,,,accelerometry measured total PA,,,13-17,80,,"Neighborhood safety was negatively associated with PA alone, but positively associated with PA when interacted by time with peers",,,Mixed,,No,Not walkability,
LEUEMZUQ,Silva 2018,2018,"Silva, AAPD.; Fermino, RC.; Souza, CA.; Lima, AV.; Rodriguez-A√±ez, CR.; Reis, RS.",Socioeconomic status moderates the association between perceived environment and active commuting to school,Revista de saúde pública,2018,,-,,,,,,,,,,,,,,,No,Active travel only,
VDSIMFUX,Van 2010,2010,"Van, D., Dyck; De, I., Bourdeaudhuij; Cardon, G.; Deforche, B.",Criterion distances and correlates of active transportation to school in Belgian older adolescents,The international journal of behavioral nutrition and physical activity,2010,,NEWS,,other PA; ,,self-reported PA,,,17-18,1281,Belgium,,,,,,No,No relationship between walkability and PA,